source,source_id,name,category,sector,address,phone,website,rating,review_count,business_status,opening_hours,latitude,longitude,city,state,country
justdial,+ 18 More,+ 18 More,Jewellery,Retail,"Vijayawada, Andhra Pradesh",,,,0,OPERATIONAL,,,,Vijayawada,Andhra Pradesh,India
justdial,ARNIKA SILVER JEWELLERY,ARNIKA SILVER JEWELLERY,Jewellery,Retail,"Vijayawada, Andhra Pradesh",,,,0,OPERATIONAL,,,,Vijayawada,Andhra Pradesh,India
justdial,+ 19 More,+ 19 More,Jewellery,Retail,"Vijayawada, Andhra Pradesh",,,,0,OPERATIONAL,,,,Vijayawada,Andhra Pradesh,India
justdial,Carla Diamonds,Carla Diamonds,Jewellery,Retail,"Vijayawada, Andhra Pradesh",,,,0,OPERATIONAL,,,,Vijayawada,Andhra Pradesh,India
justdial,+ 28 More,+ 28 More,Jewellery,Retail,"Vijayawada, Andhra Pradesh",,,,0,OPERATIONAL,,,,Vijayawada,Andhra Pradesh,India
justdial,Jos Alukkas Jewellery,Jos Alukkas Jewellery,Jewellery,Retail,"Vijayawada, Andhra Pradesh",,,,0,OPERATIONAL,,,,Vijayawada,Andhra Pradesh,India
justdial,+ 52 More,+ 52 More,Jewellery,Retail,"Vijayawada, Andhra Pradesh",,,,0,OPERATIONAL,,,,Vijayawada,Andhra Pradesh,India
justdial,Sridevi Jewellers,Sridevi Jewellers,Jewellery,Retail,"Vijayawada, Andhra Pradesh",,,,0,OPERATIONAL,,,,Vijayawada,Andhra Pradesh,India
justdial,Srinivasa Diamond Hall,Srinivasa Diamond Hall,Jewellery,Retail,"Vijayawada, Andhra Pradesh",,,,0,OPERATIONAL,,,,Vijayawada,Andhra Pradesh,India
justdial,+ 8 More,+ 8 More,Jewellery,Retail,"Vijayawada, Andhra Pradesh",,,,0,OPERATIONAL,,,,Vijayawada,Andhra Pradesh,India
justdial,Sri Teja Jewellers,Sri Teja Jewellers,Jewellery,Retail,"Vijayawada, Andhra Pradesh",,,,0,OPERATIONAL,,,,Vijayawada,Andhra Pradesh,India
justdial,+ 2 More,+ 2 More,Jewellery,Retail,"Vijayawada, Andhra Pradesh",,,,0,OPERATIONAL,,,,Vijayawada,Andhra Pradesh,India
justdial,Sri Gopal Jewellers & Manufacturer,Sri Gopal Jewellers & Manufacturer,Jewellery,Retail,"Vijayawada, Andhra Pradesh",,,,0,OPERATIONAL,,,,Vijayawada,Andhra Pradesh,India
justdial,Kiranmayi Jewellery Mart,Kiranmayi Jewellery Mart,Jewellery,Retail,"Vijayawada, Andhra Pradesh",,,,0,OPERATIONAL,,,,Vijayawada,Andhra Pradesh,India
justdial,+ 98 More,+ 98 More,Jewellery,Retail,"Vijayawada, Andhra Pradesh",,,,0,OPERATIONAL,,,,Vijayawada,Andhra Pradesh,India
justdial,Karthikeya Jewellers,Karthikeya Jewellers,Jewellery,Retail,"Vijayawada, Andhra Pradesh",,,,0,OPERATIONAL,,,,Vijayawada,Andhra Pradesh,India
justdial,+ 5 More,+ 5 More,Jewellery,Retail,"Vijayawada, Andhra Pradesh",,,,0,OPERATIONAL,,,,Vijayawada,Andhra Pradesh,India
justdial,Vishal Silver,Vishal Silver,Jewellery,Retail,"Vijayawada, Andhra Pradesh",,,,0,OPERATIONAL,,,,Vijayawada,Andhra Pradesh,India
justdial,+ 3 More,+ 3 More,Jewellery,Retail,"Vijayawada, Andhra Pradesh",,,,0,OPERATIONAL,,,,Vijayawada,Andhra Pradesh,India
justdial,Sri Venkateswara Jewellery Works,Sri Venkateswara Jewellery Works,Jewellery,Retail,"Vijayawada, Andhra Pradesh",,,,0,OPERATIONAL,,,,Vijayawada,Andhra Pradesh,India
justdial,+ 135 More,+ 135 More,Jewellery,Retail,"Vijayawada, Andhra Pradesh",,,,0,OPERATIONAL,,,,Vijayawada,Andhra Pradesh,India
justdial,GRT Jewellers India Pvt Ltd,GRT Jewellers India Pvt Ltd,Jewellery,Retail,"Vijayawada, Andhra Pradesh",,,,0,OPERATIONAL,,,,Vijayawada,Andhra Pradesh,India
justdial,+ 204 More,+ 204 More,Jewellery,Retail,"Vijayawada, Andhra Pradesh",,,,0,OPERATIONAL,,,,Vijayawada,Andhra Pradesh,India
justdial,Joyalukkas,Joyalukkas,Jewellery,Retail,"Vijayawada, Andhra Pradesh",,,,0,OPERATIONAL,,,,Vijayawada,Andhra Pradesh,India
justdial,+ 64 More,+ 64 More,Jewellery,Retail,"Vijayawada, Andhra Pradesh",,,,0,OPERATIONAL,,,,Vijayawada,Andhra Pradesh,India
justdial,Bhima Jewellers,Bhima Jewellers,Jewellery,Retail,"Vijayawada, Andhra Pradesh",,,,0,OPERATIONAL,,,,Vijayawada,Andhra Pradesh,India
justdial,+ 60 More,+ 60 More,Jewellery,Retail,"Vijayawada, Andhra Pradesh",,,,0,OPERATIONAL,,,,Vijayawada,Andhra Pradesh,India
justdial,Malabar Gold & Diamonds,Malabar Gold & Diamonds,Jewellery,Retail,"Vijayawada, Andhra Pradesh",,,,0,OPERATIONAL,,,,Vijayawada,Andhra Pradesh,India
justdial,+ 10 More,+ 10 More,Jewellery,Retail,"Vijayawada, Andhra Pradesh",,,,0,OPERATIONAL,,,,Vijayawada,Andhra Pradesh,India
justdial,Cmr Shopping Mall,Cmr Shopping Mall,Jewellery,Retail,"Vijayawada, Andhra Pradesh",,,,0,OPERATIONAL,,,,Vijayawada,Andhra Pradesh,India
justdial,Lalitha Jewelries,Lalitha Jewelries,Jewellery,Retail,"Vijayawada, Andhra Pradesh",,,,0,OPERATIONAL,,,,Vijayawada,Andhra Pradesh,India
justdial,+ 129 More,+ 129 More,Jewellery,Retail,"Vijayawada, Andhra Pradesh",,,,0,OPERATIONAL,,,,Vijayawada,Andhra Pradesh,India
justdial,Bnr Gold,Bnr Gold,Jewellery,Retail,"Vijayawada, Andhra Pradesh",,,,0,OPERATIONAL,,,,Vijayawada,Andhra Pradesh,India
justdial,+ 392 More,+ 392 More,Jewellery,Retail,"Vijayawada, Andhra Pradesh",,,,0,OPERATIONAL,,,,Vijayawada,Andhra Pradesh,India
justdial,Tanishq,Tanishq,Jewellery,Retail,"Vijayawada, Andhra Pradesh",,,,0,OPERATIONAL,,,,Vijayawada,Andhra Pradesh,India
justdial,+ 176 More,+ 176 More,Jewellery,Retail,"Vijayawada, Andhra Pradesh",,,,0,OPERATIONAL,,,,Vijayawada,Andhra Pradesh,India
justdial,Vega Jewellers,Vega Jewellers,Jewellery,Retail,"Vijayawada, Andhra Pradesh",,,,0,OPERATIONAL,,,,Vijayawada,Andhra Pradesh,India
justdial,+ 102 More,+ 102 More,Jewellery,Retail,"Vijayawada, Andhra Pradesh",,,,0,OPERATIONAL,,,,Vijayawada,Andhra Pradesh,India
justdial,Sanghvi Silver Emporium,Sanghvi Silver Emporium,Jewellery,Retail,"Vijayawada, Andhra Pradesh",,,,0,OPERATIONAL,,,,Vijayawada,Andhra Pradesh,India
justdial,Khazana Jewellery Pvt Ltd,Khazana Jewellery Pvt Ltd,Jewellery,Retail,"Vijayawada, Andhra Pradesh",,,,0,OPERATIONAL,,,,Vijayawada,Andhra Pradesh,India
justdial,+ 307 More,+ 307 More,Jewellery,Retail,"Vijayawada, Andhra Pradesh",,,,0,OPERATIONAL,,,,Vijayawada,Andhra Pradesh,India
justdial,Caratlane,Caratlane,Jewellery,Retail,"Vijayawada, Andhra Pradesh",,,,0,OPERATIONAL,,,,Vijayawada,Andhra Pradesh,India
justdial,+ 238 More,+ 238 More,Jewellery,Retail,"Vijayawada, Andhra Pradesh",,,,0,OPERATIONAL,,,,Vijayawada,Andhra Pradesh,India
justdial,Kushal's Fashion Jewellery,Kushal's Fashion Jewellery,Jewellery,Retail,"Vijayawada, Andhra Pradesh",,,,0,OPERATIONAL,,,,Vijayawada,Andhra Pradesh,India
justdial,+ 74 More,+ 74 More,Jewellery,Retail,"Vijayawada, Andhra Pradesh",,,,0,OPERATIONAL,,,,Vijayawada,Andhra Pradesh,India
justdial,Kalanikethan,Kalanikethan,Jewellery,Retail,"Vijayawada, Andhra Pradesh",,,,0,OPERATIONAL,,,,Vijayawada,Andhra Pradesh,India
justdial,Srinivasa Jewellery Mart,Srinivasa Jewellery Mart,Jewellery,Retail,"Vijayawada, Andhra Pradesh",,,,0,OPERATIONAL,,,,Vijayawada,Andhra Pradesh,India
justdial,Khazana Jewellery,Khazana Jewellery,Jewellery,Retail,"Vijayawada, Andhra Pradesh",,,,0,OPERATIONAL,,,,Vijayawada,Andhra Pradesh,India
justdial,+ 163 More,+ 163 More,Jewellery,Retail,"Vijayawada, Andhra Pradesh",,,,0,OPERATIONAL,,,,Vijayawada,Andhra Pradesh,India
justdial,Bhama Emporio,Bhama Emporio,Jewellery,Retail,"Vijayawada, Andhra Pradesh",,,,0,OPERATIONAL,,,,Vijayawada,Andhra Pradesh,India
justdial,+ 17 More,+ 17 More,Jewellery,Retail,"Vijayawada, Andhra Pradesh",,,,0,OPERATIONAL,,,,Vijayawada,Andhra Pradesh,India
justdial,Blue Stone,Blue Stone,Jewellery,Retail,"Vijayawada, Andhra Pradesh",,,,0,OPERATIONAL,,,,Vijayawada,Andhra Pradesh,India
justdial,+ 4 More,+ 4 More,Jewellery,Retail,"Vijayawada, Andhra Pradesh",,,,0,OPERATIONAL,,,,Vijayawada,Andhra Pradesh,India
justdial,Lalitha Jewellers,Lalitha Jewellers,Jewellery,Retail,"Vijayawada, Andhra Pradesh",,,,0,OPERATIONAL,,,,Vijayawada,Andhra Pradesh,India
justdial,Ananth Diamonds,Ananth Diamonds,Jewellery,Retail,"Vijayawada, Andhra Pradesh",,,,0,OPERATIONAL,,,,Vijayawada,Andhra Pradesh,India
justdial,Chandana Grand,Chandana Grand,Jewellery,Retail,"Vijayawada, Andhra Pradesh",,,,0,OPERATIONAL,,,,Vijayawada,Andhra Pradesh,India
justdial,+ 253 More,+ 253 More,Jewellery,Retail,"Vijayawada, Andhra Pradesh",,,,0,OPERATIONAL,,,,Vijayawada,Andhra Pradesh,India
justdial,Kalyan Jewellers,Kalyan Jewellers,Jewellery,Retail,"Vijayawada, Andhra Pradesh",,,,0,OPERATIONAL,,,,Vijayawada,Andhra Pradesh,India
justdial,+ 21 More,+ 21 More,Jewellery,Retail,"Vijayawada, Andhra Pradesh",,,,0,OPERATIONAL,,,,Vijayawada,Andhra Pradesh,India
justdial,Pmj Jewels,Pmj Jewels,Jewellery,Retail,"Vijayawada, Andhra Pradesh",,,,0,OPERATIONAL,,,,Vijayawada,Andhra Pradesh,India
justdial,+ 92 More,+ 92 More,Jewellery,Retail,"Vijayawada, Andhra Pradesh",,,,0,OPERATIONAL,,,,Vijayawada,Andhra Pradesh,India
justdial,NAC Jewellers,NAC Jewellers,Jewellery,Retail,"Vijayawada, Andhra Pradesh",,,,0,OPERATIONAL,,,,Vijayawada,Andhra Pradesh,India
justdial,Chandana Brothers (Jewellers & Textiles),Chandana Brothers (Jewellers & Textiles),Jewellery,Retail,"Vijayawada, Andhra Pradesh",,,,0,OPERATIONAL,,,,Vijayawada,Andhra Pradesh,India
justdial,Mohammed Khan & Sons Jewellers,Mohammed Khan & Sons Jewellers,Jewellery,Retail,"Vijayawada, Andhra Pradesh",,,,0,OPERATIONAL,,,,Vijayawada,Andhra Pradesh,India
justdial,+ 11 More,+ 11 More,Jewellery,Retail,"Vijayawada, Andhra Pradesh",,,,0,OPERATIONAL,,,,Vijayawada,Andhra Pradesh,India
justdial,Goyaz Silver Jewellery,Goyaz Silver Jewellery,Jewellery,Retail,"Vijayawada, Andhra Pradesh",,,,0,OPERATIONAL,,,,Vijayawada,Andhra Pradesh,India
justdial,+ 110 More,+ 110 More,Jewellery,Retail,"Vijayawada, Andhra Pradesh",,,,0,OPERATIONAL,,,,Vijayawada,Andhra Pradesh,India
justdial,Deepak's Silver Emporio,Deepak's Silver Emporio,Jewellery,Retail,"Vijayawada, Andhra Pradesh",,,,0,OPERATIONAL,,,,Vijayawada,Andhra Pradesh,India
justdial,+ 57 More,+ 57 More,Jewellery,Retail,"Vijayawada, Andhra Pradesh",,,,0,OPERATIONAL,,,,Vijayawada,Andhra Pradesh,India
justdial,Msr Silver Palace,Msr Silver Palace,Jewellery,Retail,"Vijayawada, Andhra Pradesh",,,,0,OPERATIONAL,,,,Vijayawada,Andhra Pradesh,India
justdial,Indriya,Indriya,Jewellery,Retail,"Vijayawada, Andhra Pradesh",,,,0,OPERATIONAL,,,,Vijayawada,Andhra Pradesh,India
justdial,+ 403 More,+ 403 More,Jewellery,Retail,"Vijayawada, Andhra Pradesh",,,,0,OPERATIONAL,,,,Vijayawada,Andhra Pradesh,India
justdial,Anjaneya Jewellery,Anjaneya Jewellery,Jewellery,Retail,"Vijayawada, Andhra Pradesh",,,,0,OPERATIONAL,,,,Vijayawada,Andhra Pradesh,India
justdial,+ 7 More,+ 7 More,Jewellery,Retail,"Vijayawada, Andhra Pradesh",,,,0,OPERATIONAL,,,,Vijayawada,Andhra Pradesh,India
justdial,Bombay Jewellery,Bombay Jewellery,Jewellery,Retail,"Vijayawada, Andhra Pradesh",,,,0,OPERATIONAL,,,,Vijayawada,Andhra Pradesh,India
justdial,Mohammed Khan Diamond And Jewellers,Mohammed Khan Diamond And Jewellers,Jewellery,Retail,"Vijayawada, Andhra Pradesh",,,,0,OPERATIONAL,,,,Vijayawada,Andhra Pradesh,India
justdial,+ 301 More,+ 301 More,Jewellery,Retail,"Vijayawada, Andhra Pradesh",,,,0,OPERATIONAL,,,,Vijayawada,Andhra Pradesh,India
justdial,Tribhovandas Bhimji Zaveri,Tribhovandas Bhimji Zaveri,Jewellery,Retail,"Vijayawada, Andhra Pradesh",,,,0,OPERATIONAL,,,,Vijayawada,Andhra Pradesh,India
justdial,+ 15 More,+ 15 More,Jewellery,Retail,"Vijayawada, Andhra Pradesh",,,,0,OPERATIONAL,,,,Vijayawada,Andhra Pradesh,India
justdial,Giva,Giva,Jewellery,Retail,"Vijayawada, Andhra Pradesh",,,,0,OPERATIONAL,,,,Vijayawada,Andhra Pradesh,India
justdial,+ 13 More,+ 13 More,Jewellery,Retail,"Vijayawada, Andhra Pradesh",,,,0,OPERATIONAL,,,,Vijayawada,Andhra Pradesh,India
justdial,Swarnsri Gold And Diamonds,Swarnsri Gold And Diamonds,Jewellery,Retail,"Vijayawada, Andhra Pradesh",,,,0,OPERATIONAL,,,,Vijayawada,Andhra Pradesh,India
justdial,+ 145 More,+ 145 More,Jewellery,Retail,"Vijayawada, Andhra Pradesh",,,,0,OPERATIONAL,,,,Vijayawada,Andhra Pradesh,India
justdial,Reliance jewels,Reliance jewels,Jewellery,Retail,"Vijayawada, Andhra Pradesh",,,,0,OPERATIONAL,,,,Vijayawada,Andhra Pradesh,India
justdial,Sai Silks Kalamandir Ltd,Sai Silks Kalamandir Ltd,Jewellery,Retail,"Vijayawada, Andhra Pradesh",,,,0,OPERATIONAL,,,,Vijayawada,Andhra Pradesh,India
justdial,+ 27 More,+ 27 More,Jewellery,Retail,"Vijayawada, Andhra Pradesh",,,,0,OPERATIONAL,,,,Vijayawada,Andhra Pradesh,India
justdial,Shree Krishna Jewellers,Shree Krishna Jewellers,Jewellery,Retail,"Vijayawada, Andhra Pradesh",,,,0,OPERATIONAL,,,,Vijayawada,Andhra Pradesh,India
justdial,Asweetha Gold Company,Asweetha Gold Company,Jewellery,Retail,"Vijayawada, Andhra Pradesh",,,,0,OPERATIONAL,,,,Vijayawada,Andhra Pradesh,India
justdial,+ 291 More,+ 291 More,Jewellery,Retail,"Vijayawada, Andhra Pradesh",,,,0,OPERATIONAL,,,,Vijayawada,Andhra Pradesh,India
justdial,Maheswari Jewellers,Maheswari Jewellers,Jewellery,Retail,"Vijayawada, Andhra Pradesh",,,,0,OPERATIONAL,,,,Vijayawada,Andhra Pradesh,India
justdial,Chandanaz - The Authentic Jeweller - Gold And Silver,Chandanaz - The Authentic Jeweller - Gold And Silver,Jewellery,Retail,"Vijayawada, Andhra Pradesh",,,,0,OPERATIONAL,,,,Vijayawada,Andhra Pradesh,India
justdial,Mayur Jewellery,Mayur Jewellery,Jewellery,Retail,"Vijayawada, Andhra Pradesh",,,,0,OPERATIONAL,,,,Vijayawada,Andhra Pradesh,India
justdial,+ 12 More,+ 12 More,Jewellery,Retail,"Vijayawada, Andhra Pradesh",,,,0,OPERATIONAL,,,,Vijayawada,Andhra Pradesh,India
justdial,Mmtc Pamp India Pvt Ltd,Mmtc Pamp India Pvt Ltd,Jewellery,Retail,"Vijayawada, Andhra Pradesh",,,,0,OPERATIONAL,,,,Vijayawada,Andhra Pradesh,India
justdial,+ 68 More,+ 68 More,Jewellery,Retail,"Vijayawada, Andhra Pradesh",,,,0,OPERATIONAL,,,,Vijayawada,Andhra Pradesh,India
justdial,JR Jewellers Pvt Ltd,JR Jewellers Pvt Ltd,Jewellery,Retail,"Vijayawada, Andhra Pradesh",,,,0,OPERATIONAL,,,,Vijayawada,Andhra Pradesh,India
justdial,Saavi Gold & Diamonds,Saavi Gold & Diamonds,Jewellery,Retail,"Vijayawada, Andhra Pradesh",,,,0,OPERATIONAL,,,,Vijayawada,Andhra Pradesh,India
justdial,+ 279 More,+ 279 More,Jewellery,Retail,"Vijayawada, Andhra Pradesh",,,,0,OPERATIONAL,,,,Vijayawada,Andhra Pradesh,India
justdial,Mi Belleza Collections,Mi Belleza Collections,Jewellery,Retail,"Vijayawada, Andhra Pradesh",,,,0,OPERATIONAL,,,,Vijayawada,Andhra Pradesh,India
justdial,+ 30 More,+ 30 More,Jewellery,Retail,"Vijayawada, Andhra Pradesh",,,,0,OPERATIONAL,,,,Vijayawada,Andhra Pradesh,India
justdial,Maalyaa Imitation Jewellery,Maalyaa Imitation Jewellery,Jewellery,Retail,"Vijayawada, Andhra Pradesh",,,,0,OPERATIONAL,,,,Vijayawada,Andhra Pradesh,India
justdial,+ 275 More,+ 275 More,Jewellery,Retail,"Vijayawada, Andhra Pradesh",,,,0,OPERATIONAL,,,,Vijayawada,Andhra Pradesh,India
justdial,Mia By Tanishq,Mia By Tanishq,Jewellery,Retail,"Vijayawada, Andhra Pradesh",,,,0,OPERATIONAL,,,,Vijayawada,Andhra Pradesh,India
justdial,Devi Pavitra Gold & Diamonds,Devi Pavitra Gold & Diamonds,Jewellery,Retail,"Vijayawada, Andhra Pradesh",,,,0,OPERATIONAL,,,,Vijayawada,Andhra Pradesh,India
justdial,Vasundhara Diamond Roof Pvt Ltd,Vasundhara Diamond Roof Pvt Ltd,Jewellery,Retail,"Vijayawada, Andhra Pradesh",,,,0,OPERATIONAL,,,,Vijayawada,Andhra Pradesh,India
justdial,Aqua Diamond & Jewels,Aqua Diamond & Jewels,Jewellery,Retail,"Vijayawada, Andhra Pradesh",,,,0,OPERATIONAL,,,,Vijayawada,Andhra Pradesh,India
justdial,+ 50 More,+ 50 More,Jewellery,Retail,"Vijayawada, Andhra Pradesh",,,,0,OPERATIONAL,,,,Vijayawada,Andhra Pradesh,India
justdial,Bombay Jewels Paradise,Bombay Jewels Paradise,Jewellery,Retail,"Vijayawada, Andhra Pradesh",,,,0,OPERATIONAL,,,,Vijayawada,Andhra Pradesh,India
justdial,+ 9 More,+ 9 More,Jewellery,Retail,"Vijayawada, Andhra Pradesh",,,,0,OPERATIONAL,,,,Vijayawada,Andhra Pradesh,India
justdial,Bombay Jewellers,Bombay Jewellers,Jewellery,Retail,"Vijayawada, Andhra Pradesh",,,,0,OPERATIONAL,,,,Vijayawada,Andhra Pradesh,India
justdial,Uma Jewellers Gold & Diamonds,Uma Jewellers Gold & Diamonds,Jewellery,Retail,"Vijayawada, Andhra Pradesh",,,,0,OPERATIONAL,,,,Vijayawada,Andhra Pradesh,India
justdial,"Sridevi Jewellers
4.1
  
104 Ratings
MG Road
High call pick up","Sridevi Jewellers
4.1
  
104 Ratings
MG Road
High call pick up",Jewellery,Retail,"Vijayawada, Andhra Pradesh",08401271281,,,0,OPERATIONAL,,,,Vijayawada,Andhra Pradesh,India
justdial,"Vega Jewellers
4.8
  
3813 Ratings
Governerpet","Vega Jewellers
4.8
  
3813 Ratings
Governerpet",Jewellery,Retail,"Vijayawada, Andhra Pradesh",,,,0,OPERATIONAL,,,,Vijayawada,Andhra Pradesh,India
justdial,"Rajendra Jewellers Wholesale Gold Shoppe
4.8
  
79 Ratings
Governerpet","Rajendra Jewellers Wholesale Gold Shoppe
4.8
  
79 Ratings
Governerpet",Jewellery,Retail,"Vijayawada, Andhra Pradesh",,,,0,OPERATIONAL,,,,Vijayawada,Andhra Pradesh,India
justdial,"Bombay Jewellers
4.7
  
197 Ratings
Chandramoulipuram","Bombay Jewellers
4.7
  
197 Ratings
Chandramoulipuram",Jewellery,Retail,"Vijayawada, Andhra Pradesh",,,,0,OPERATIONAL,,,,Vijayawada,Andhra Pradesh,India
justdial,"Srinivasa Jewellery Mart
4.8
  
2529 Ratings
Governerpet","Srinivasa Jewellery Mart
4.8
  
2529 Ratings
Governerpet",Jewellery,Retail,"Vijayawada, Andhra Pradesh",,,,0,OPERATIONAL,,,,Vijayawada,Andhra Pradesh,India
justdial,"VARAHI JEWELLERS
4.7
  
64 Ratings
Eluru Road
High call pick up","VARAHI JEWELLERS
4.7
  
64 Ratings
Eluru Road
High call pick up",Jewellery,Retail,"Vijayawada, Andhra Pradesh",07405650187,,,0,OPERATIONAL,,,,Vijayawada,Andhra Pradesh,India
justdial,Listed on Sitemap,Listed on Sitemap,Jewellery,Retail,"Vijayawada, Andhra Pradesh",,,,0,OPERATIONAL,,,,Vijayawada,Andhra Pradesh,India
justdial,Doctors,Doctors,Jewellery,Retail,"Vijayawada, Andhra Pradesh",,,,0,OPERATIONAL,,,,Vijayawada,Andhra Pradesh,India
